지하철역명,경도,위도
혜화,127.0022523,37.58169864
동대문,127.0090404,37.57079391
혜화,127.0017561,37.58144803
동묘앞,127.0174497,37.57329705
창신,127.015515,37.57951304
동묘앞,127.0158609,37.57329757
신설동,127.0229774,37.57595177
종로3가,126.9926111,37.5702647
안국,126.9851589,37.57622647
종로3가,126.9919395,37.57095714
동대문,127.010493,37.57141797
서대문,126.9672702,37.56589002
청구,127.0139214,37.56004268
시청,126.9769189,37.56525655
청구,127.0137539,37.56045599
서대문,126.967381,37.56574176
을지로3가,126.9895726,37.56605044
버티고개,127.0073887,37.54819324
성수,127.0553622,37.54494855
금호,127.0160389,37.54814465
뚝섬,127.0481502,37.54714637
성수,127.0552985,37.54467032
왕십리(성동구청),127.0377615,37.56093673
상왕십리,127.0293482,37.56421058
상왕십리,127.0298255,37.56438953
서울숲,127.0444267,37.54328279
신금호,127.0201659,37.55480754
옥수,127.0185156,37.54072603
행당,127.02926,37.55713833
왕십리(성동구청),127.0370172,37.56147019
뚝섬,127.0479915,37.54689474
옥수,127.0171556,37.54170356
답십리,127.0525203,37.56674286
장한평,127.0643732,37.56129216
서울숲,127.044758,37.5431033
건대입구,127.0688468,37.54035768
아차산(어린이대공원후문),127.0894455,37.55180047
군자(능동),127.0804244,37.55701452
구의(광진구청),127.0865176,37.53735966
뚝섬유원지,127.0671607,37.53183613
광나루(장신대),127.1044376,37.54479669
어린이대공원(세종대),127.0752534,37.54862641
장한평,127.0643709,37.56175609
신설동,127.0261582,37.57406801
신설동,127.0250317,37.57600321
신이문,127.0675416,37.60300445
용두(동대문구청),127.0383254,37.57438357
신설동,127.0249168,37.57636253
신설동,127.0233928,37.576031
용두(동대문구청),127.0382762,37.57369703
청량리(서울시립대입구),127.0438578,37.57957138
제기동,127.0337605,37.57837228
답십리,127.0523435,37.56744967
청량리(서울시립대입구),127.0467752,37.58021377
회기,127.0581685,37.58960609
회기,127.0576865,37.58987705
신이문,127.0678651,37.60292302
고려대(종암),127.0365944,37.5900839
신이문,127.0682461,37.6026132
봉화산(서울의료원),127.0924252,37.61708357
사가정,127.0882701,37.58057573
상봉(시외버스터미널),127.0858555,37.5956766
망우,127.0918227,37.60028426
양원,127.1078798,37.60676438
중화,127.0791798,37.60230159
양원,127.1080057,37.60645039
면목,127.0873441,37.58847547
먹골,127.0778944,37.61098277
봉화산(서울의료원),127.090667,37.61738491
신내,127.1034529,37.61326508
신내,127.1034732,37.61343898
용마산,127.0867844,37.57422778
망우,127.0923815,37.59929487
월곡(동덕여대),127.0415838,37.6022052
성신여대입구(돈암),127.0163145,37.59241472
고려대(종암),127.0359963,37.5899037
정릉,127.0132275,37.60288279
성신여대입구(돈암),127.0167861,37.59254918
정릉,127.0135957,37.60282553
상월곡(한국과학기술연구원),127.0478101,37.60587162
북한산보국문,127.0080724,37.61216268
한성대입구(삼선교),127.0056828,37.58857279
길음,127.0253692,37.60370238
석계,127.0668907,37.61477972
한성대입구(삼선교),127.0060597,37.58818994
안암(고대병원앞),127.0287093,37.58645191
북한산보국문,127.0082795,37.61230913
돌곶이,127.057009,37.61103253
길음,127.024867,37.60333353
보문,127.0193123,37.58510931
삼양,127.0183716,37.62669792
4.19민주묘지,127.01387,37.64943019
화계,127.0176408,37.63401619
북한산우이,127.0126626,37.66265232
삼양사거리,127.0206351,37.62127755
삼양,127.0180944,37.62673338
가오리,127.0166439,37.64137101
솔샘,127.013719,37.62012482
미아사거리,127.0302967,37.61393549
미아(서울사이버대학),127.0259523,37.62731738
수유(강북구청),127.0261192,37.63823407
도봉산,127.0459901,37.68873719
쌍문,127.0349123,37.64860493
녹천,127.0508568,37.64569834
녹천,127.0510079,37.64573832
창동,127.0487073,37.65339581
석계,127.0654969,37.61501915
홍제,126.9439029,37.58920116
"신촌(경의중앙, 2호선)",126.9374445,37.55541145
독립문,126.9581587,37.57404244
홍제,126.9439362,37.58878307
가좌,126.9146271,37.56854705
염창,126.8744358,37.54678593
김포공항,126.8039032,37.56171397
우장산,126.8365222,37.54882404
발산,126.8378834,37.55822942
마곡나루,126.8271492,37.56665346
마곡나루,126.8272993,37.56530688
마곡나루,126.8271682,37.5669911
신방화,126.8163785,37.5674439
화곡,126.8405782,37.5419461
신방화,126.8168738,37.56771358
선유도,126.893768,37.53809525
영등포,126.9068772,37.51610842
선유도,126.8936247,37.53786169
당산,126.9018751,37.5335184
영등포,126.9067377,37.51607655
사당,126.9429578,37.51401694
방배,126.99724,37.48155477
남태령,126.988543,37.46466418
양재(서초구청),127.0338112,37.48426044
반포,127.0117648,37.50843115
내방,126.9935673,37.4873816
양재시민의숲(매헌),127.0393015,37.47010586
구반포,126.9868427,37.50156534
서초,127.0080863,37.49179115
양재(서초구청),127.0353923,37.48369017
강남,127.0273985,37.49746448
강남,127.0270961,37.49833935
양재(서초구청),127.0344523,37.48483005
강남,127.0286267,37.49659412
잠실(송파구청),127.1043372,37.51502579
장지,127.1263974,37.47885524
강동구청,127.1202352,37.53032246
종합운동장,127.073264,37.51138161
잠실새내,127.0861518,37.51139354
잠실새내,127.0862485,37.51187102
잠실나루,127.1035096,37.52086749
둔촌오륜,127.1378408,37.5193681
종합운동장,127.0773128,37.51111885
잠실(송파구청),127.1008851,37.5130587
송파,127.1127476,37.49950415
암사,127.127357,37.55012621
명일,127.1441631,37.55130403
강일,127.1752739,37.55719264
상일동,127.1679025,37.55684748
상일동,127.167859,37.55697284
중앙보훈병원,127.148665,37.52871806
굽은다리(강동구민회관앞),127.1428374,37.54580053
상일동,127.1652598,37.55672081
강일,127.1751879,37.55752808
둔촌오륜,127.1382038,37.51977513
고덕,127.1538328,37.55488135
길동,127.139783,37.53782062
천호(풍납토성),127.1244867,37.53811503
둔촌동,127.1359629,37.52792028
강동,127.1317901,37.53628248
강일,127.1762828,37.55740515
고덕,127.1538016,37.55508736
